,mean,std,2.5q,25q,50q,75q,97.5q,mc err
a,1.801782555364879,0.03876085142264582,1.7267008448158518,1.775873186977021,1.8013449195583755,1.827179407890824,1.8795044106671153,0.00016793890517397266
a_std,0.2578748165602705,0.029862801922563662,0.20644022221879593,0.2369430023818907,0.2553560308717769,0.27603515447961957,0.323380199577384,0.00015816733684603364
a_subj.1.0,1.7471242291845308,0.06151951474483126,1.6311596507212387,1.7044970828770172,1.7453064027622482,1.7875248548290237,1.8715333486926697,0.00027474744651887894
a_subj.2.0,1.9935689351198962,0.06804587004678009,1.8649456286151183,1.9465216480923426,1.9919229950155835,2.038324673950946,2.1319712543344362,0.0002807269937802376
a_subj.3.0,2.110932760561696,0.07554339195888547,1.9693145072657885,2.0589600778554322,2.108423040404487,2.1610269803581144,2.2652515398525677,0.000334836309098253
a_subj.4.0,1.1470783521239616,0.039991561600930474,1.072172201698493,1.1196995122668014,1.1459609900610332,1.1731865675926951,1.2289052077058882,0.0001851526454119611
a_subj.5.0,1.5108529984429715,0.05420636130332337,1.4105656383211,1.4733363527880325,1.5087783719776755,1.5459561440891842,1.6229872952942304,0.0003163082367868009
a_subj.6.0,1.6426107002893122,0.06678950469124159,1.5164522846323614,1.596757793043139,1.6406965986736635,1.6866299297244463,1.7787709109338683,0.0003556552359524019
a_subj.7.0,1.9211127269434964,0.06376973546625955,1.800451411873133,1.877196677638393,1.9198421216762802,1.9631582468894662,2.04920486377324,0.0002506392175110201
a_subj.8.0,1.6559494447376375,0.0590539212730188,1.5461369904206264,1.6153591698205365,1.6540482796309675,1.6940595597270915,1.7776851306857786,0.0002703959773406848
a_subj.9.0,1.8735229846362562,0.06623643799665249,1.7488265371615799,1.828049817610742,1.8717438593848497,1.9170205262008846,2.0087111573392735,0.0003448514719057169
a_subj.10.0,2.274175282656684,0.08700004930179758,2.1112550939530688,2.213691978760549,2.2712682959491115,2.332186748845855,2.450470209869702,0.0005822079316492671
a_subj.11.0,1.8750038373291793,0.06867636862270576,1.7464766086308179,1.8274664589821152,1.873248269119132,1.9201667475870994,2.015445301952863,0.00031393637625375126
a_subj.12.0,1.8800304583372316,0.06607301510748047,1.7562417733620108,1.83434456251007,1.8785285968720635,1.9231153914246675,2.014837018981941,0.0002752446540829125
a_subj.13.0,1.336049249554986,0.05194911689948985,1.2371591512782707,1.3007239577744554,1.3347719354217726,1.3702806270284995,1.441170941843311,0.00028166894436373565
a_subj.14.0,1.818493809200621,0.06597278001317174,1.6941125655454876,1.772938953381928,1.8171837518724656,1.8618557313166395,1.951641337622605,0.00037523903044707144
a_subj.15.0,1.3708270531740674,0.049055504218614925,1.277824046435061,1.3376303954654054,1.3696144804166117,1.4030132240314517,1.469143145017363,0.00023139272839138196
a_subj.16.0,1.9995089330890403,0.07131118723542404,1.863152174359998,1.9513333879623151,1.9983102934894659,2.0468195511990497,2.1426007063663635,0.0003539866653207857
a_subj.17.0,1.3137911041639314,0.04720495208615819,1.2245616290537833,1.2812846476857305,1.3126190833267557,1.3449823545486437,1.409715243453741,0.00025627099925321697
a_subj.18.0,1.7782475695322297,0.060551437100583104,1.6603294512248987,1.7376538254249543,1.777378637733668,1.818132531567074,1.9008331203367996,0.0002803030854918282
a_subj.20.0,1.6012570050178958,0.060791425690856916,1.48467519758801,1.5597744917753193,1.6005071782794964,1.641412770428794,1.7231947250191457,0.0002906853536929066
a_subj.21.0,2.0173052466759556,0.07045223467834848,1.8834406382859499,1.968982415516004,2.0158197084939666,2.0640338816186965,2.1595282769220923,0.0003366265202752054
a_subj.22.0,2.0178205600666614,0.08326795400364431,1.8696373487835043,1.95823927185981,2.012361991998945,2.072506964873872,2.1913027423806253,0.0005398971399510591
a_subj.23.0,2.0225222658424853,0.07387119611641568,1.8833423215103322,1.9715741586069937,2.020027237872663,2.0711859948810187,2.1735528740168903,0.00035142333793814764
a_subj.24.0,1.9268368090644794,0.07028895789792261,1.794447526068542,1.878816567965314,1.924609750576956,1.9729188808049147,2.071810033913813,0.00037382999261648787
a_subj.25.0,1.744095631409061,0.06206039867172891,1.6256653328196415,1.7012556946988067,1.7432839566857754,1.7851813324466295,1.868800042806584,0.00028089917865050355
a_subj.26.0,1.688742350659995,0.05878460598157766,1.5778180101226273,1.6483585676917718,1.6876832502311614,1.7274334844281327,1.807553615202535,0.0002615293263199384
a_subj.27.0,2.238215288781138,0.07823464033262018,2.0904266225764765,2.1842786087247488,2.2363218641839326,2.289565343908027,2.397548399226866,0.00037023290570983484
a_subj.28.0,1.7517688732869385,0.06575040417940042,1.6286153559940786,1.7063340929907829,1.749896196826319,1.7951777060371792,1.8857609009145375,0.0002774151847288643
a_subj.29.0,1.815625751271935,0.07034022195924053,1.6866225497928065,1.7667602113624636,1.812858784027408,1.860697220483914,1.9637697543352446,0.0003556403090299559
a_subj.30.0,1.481982640425928,0.05362709198309496,1.380668720807108,1.4452465262899281,1.4803891039261319,1.5170772267120411,1.591821252385277,0.0002751748116630936
a_subj.31.0,2.0568190142415674,0.07310374559171695,1.918806888673753,2.0065761373768565,2.054824694033687,2.105002500664734,2.2064330462785477,0.0003453892980966496
a_subj.32.0,1.8374323496334923,0.06299314668454387,1.7183521360042109,1.7946427426333762,1.835733625718714,1.8786618843689955,1.9657995577687883,0.0002843022176789613
a_subj.33.0,1.8541416214086814,0.06741371416007513,1.7278256966450292,1.8076353704181454,1.8522830126724408,1.8982949851559647,1.9924891324753993,0.00026876115710022265
a_subj.34.0,1.844643064513748,0.0832549731763775,1.6978704173800692,1.786505775703384,1.8374518953842014,1.8959827796426403,2.025912756345795,0.0010560239846592284
a_subj.35.0,1.6793014395958041,0.05753304454038675,1.5705751104728705,1.6397665575469536,1.6777160753867788,1.71697884229602,1.7965210493340777,0.00024324984603918274
a_subj.36.0,1.852793789371749,0.06505089620498204,1.7299150867462874,1.8080005703015496,1.8510374550104358,1.89598882683096,1.9843311882885408,0.00036003513226781457
a_subj.37.0,2.1952001331310362,0.0754795291506374,2.0543819005182966,2.1427154913048856,2.1930476584093532,2.244822637634541,2.350062605469866,0.00032401406396383105
a_subj.38.0,1.6653431164642927,0.059168763481719525,1.5534325906313726,1.6247676866406344,1.6639723650575087,1.70430245141963,1.7859768300610885,0.0002796985819593317
a_subj.39.0,1.905637728960675,0.06734363165078434,1.7781526541678028,1.8592128895748912,1.9040297540170936,1.9500639915697073,2.0415893613398497,0.0003082021662252631
a_subj.40.0,2.029776415895256,0.0725832287301462,1.8948324179189753,1.9798926901557812,2.027598710348852,2.07710672772947,2.178415732936572,0.00036673869742158665
a_subj.41.0,1.799818508866372,0.06422521892985153,1.6776060254835026,1.7560801083817972,1.7986408487943168,1.8419853206242984,1.9302849155803183,0.00031154779897384576
a_subj.42.0,1.9171738835456682,0.067496107560542,1.7914553078860886,1.8706399579152495,1.9148416485276547,1.9612456898574038,2.0568986985427498,0.0003473769443638262
a_subj.43.0,1.7901548180514644,0.06257583765415746,1.6728372074421873,1.7469112998296192,1.7885244420804058,1.831151991429617,1.9178896334996556,0.000310788918883842
a_subj.44.0,1.774326931051088,0.06419680150688042,1.652675082440921,1.7299314953996685,1.7726344905858054,1.8162276738038243,1.9051150243066104,0.0003256235807948901
a_subj.45.0,1.9426274228463674,0.06747799684532167,1.816189976159388,1.89625683615668,1.940982709971071,1.9869198639725028,2.0804276826761434,0.0003027963209725347
a_subj.46.0,1.7725511366865012,0.061294453736687966,1.6575088678500305,1.7305817957182912,1.7708560851781638,1.8126777931559055,1.8976365096512962,0.0002404056244398814
a_subj.47.0,1.7177165697459091,0.06033520954098671,1.6044195408305015,1.6763534471692103,1.7160556984510402,1.7574019307686337,1.8406588443731478,0.0002718367905329693
a_subj.48.0,1.5689940892554957,0.061765060654327325,1.4486578520835833,1.5269620041477454,1.5685304774524336,1.6106089590830606,1.6908334803939238,0.00036346174389999904
a_subj.49.0,1.6834776893211247,0.05940531122791261,1.5714737945523152,1.642473320107395,1.6815028590835093,1.7223948998144056,1.8046810531427906,0.0002627312330826123
t,0.5121898556888944,0.010072198950206931,0.4926906047338488,0.5054080691220053,0.5120629590057875,0.5188309705064365,0.5324303258162654,5.097106041285598e-05
t_std,0.06705468018299177,0.007609759946307063,0.05395567996060096,0.06167351301903702,0.06646239883058691,0.07167788206147324,0.08380220569513092,3.7706390096169005e-05
t_subj.1.0,0.45116164223864,0.010467477383360072,0.4283901860823229,0.44474976787840637,0.4520682487160052,0.4586004124960883,0.46899911629249846,4.8505303689137955e-05
t_subj.2.0,0.40212714410509065,0.0143028270135106,0.37198852216825323,0.39288177669058927,0.4029693843616651,0.41219564304284606,0.4277907517878319,7.5004082496633e-05
t_subj.3.0,0.49199181769102207,0.016737683413603634,0.45607919669314917,0.48134086426149253,0.4931911476264594,0.5037774843433351,0.5215070233478983,8.188961200896899e-05
t_subj.4.0,0.44807244293960946,0.004811614319968723,0.4375931777446641,0.445191433337253,0.44851809610366944,0.4514591728483678,0.456172439698127,2.435620025851008e-05
t_subj.5.0,0.4925852741672591,0.011994603991518837,0.46125384513112827,0.4874376261486464,0.4948684718058347,0.5006536491309433,0.5096822256516791,7.117090508116995e-05
t_subj.6.0,0.40681816735179976,0.00841469095972694,0.38861181676267265,0.4015902912175252,0.4074817637654092,0.412675294143574,0.42144407460073274,4.799649785192237e-05
t_subj.7.0,0.5022684450465134,0.012240176355769806,0.47622723216978846,0.49482844627422884,0.5031706705398524,0.5104293460372599,0.523319639219459,5.147181067451793e-05
t_subj.8.0,0.6001255674886323,0.011026050898376705,0.575820274502355,0.5938494776898147,0.6011896191351906,0.6077362459324243,0.61822521700539,6.268065827111304e-05
t_subj.9.0,0.46886954119113544,0.013710698472783953,0.4396920063792567,0.4601806101754101,0.4697557519763069,0.4785745957755265,0.4931378535275139,7.162655456991772e-05
t_subj.10.0,0.4674805234022521,0.03194422415400939,0.4119604692937998,0.4386727811682452,0.47371593877293233,0.49457293516113937,0.5177339216842055,0.00025796216368846755
t_subj.11.0,0.5997196715806346,0.015229062821047475,0.5668018631370166,0.5901250053301597,0.600829462644659,0.610523515570191,0.6263163831610482,6.719033451762966e-05
t_subj.12.0,0.6052664068832505,0.014903355226255284,0.5728874341574958,0.5959938894837651,0.6063377783900532,0.6157997260258679,0.6312533334537579,6.245073174428283e-05
t_subj.13.0,0.4100223509459601,0.009189034574415942,0.39309823831246155,0.4032730347296713,0.4092073134686714,0.4175070564671009,0.4267162619444148,5.419352984924038e-05
t_subj.14.0,0.5542627835089405,0.014150742504322572,0.5242875259988026,0.5451693710987953,0.5550644468488791,0.5642142607701831,0.5795650382159387,7.882028454145261e-05
t_subj.15.0,0.44956989975531514,0.0056689429015927845,0.4371174416201604,0.4461560882339323,0.45005152090854256,0.4535522290150685,0.45905918668461104,3.0122507225468625e-05
t_subj.16.0,0.5986600889831352,0.018632655368660978,0.5644646253631521,0.5869145496872701,0.5974786537969597,0.6082399510710766,0.642127417884474,0.00010123425299918291
t_subj.17.0,0.5822305458139376,0.007993091312244205,0.5649747183261905,0.5772501855819059,0.5827657251569249,0.5878773925970103,0.5962833098405166,4.3030958051438915e-05
t_subj.18.0,0.3804304405204234,0.011904291403980808,0.35877780226968453,0.37354689949599906,0.3802317595985905,0.3865278278280524,0.40614488218666633,6.010080039300005e-05
t_subj.20.0,0.505591747200411,0.0158843199263364,0.4771999987571814,0.4931983019864783,0.5056630589661645,0.5178825170009257,0.5328655799961088,7.894751546368323e-05
t_subj.21.0,0.49767915984461986,0.016254074557313924,0.4652603690741321,0.4872545214185732,0.4977382281795842,0.5080905740481746,0.530727334325813,7.429514759619448e-05
t_subj.22.0,0.46502102764030895,0.035215856364106624,0.39336003968491773,0.4388428570014997,0.479097945281905,0.4918003863012512,0.5075568254137338,0.0003089365966926133
t_subj.23.0,0.6653465404400671,0.015272855989412597,0.6322167752806228,0.6558373802315266,0.666518610019499,0.6761689778541318,0.691824126325746,7.609580007647768e-05
t_subj.24.0,0.5475596046784674,0.01480522360760999,0.5155245595988657,0.5382113469589438,0.5487828988517833,0.5580449359149996,0.5731763968598714,7.940652331297918e-05
t_subj.25.0,0.49724273849301875,0.014799347716494443,0.4703131990628538,0.48768525687894027,0.4960914911731983,0.5052914909194635,0.5298644830622232,6.588371734579457e-05
t_subj.26.0,0.5887983691425961,0.011556778069507338,0.5639387094315593,0.5815373082633291,0.5896376510098169,0.5969518662140124,0.6091702922409312,5.467975706490494e-05
t_subj.27.0,0.5074219376622878,0.018782630161611004,0.4672691794517322,0.49548313728342835,0.5086432570900958,0.520725200736467,0.5405387182174883,9.769699661191754e-05
t_subj.28.0,0.5042781595226035,0.011664388280932391,0.4791597574877143,0.49692255396618823,0.5050976379397883,0.5124796715891086,0.5247361864751279,5.782741027442308e-05
t_subj.29.0,0.5168183216891236,0.017481314898057584,0.47266857004327256,0.5105002600421071,0.5209005707413572,0.5286480393164388,0.5405743537038182,0.00010442242071929891
t_subj.30.0,0.4862208788417416,0.007830855131919588,0.4689859642281448,0.48140774000680114,0.48690164285259546,0.4917217955484951,0.4996372080345745,4.132858905808536e-05
t_subj.31.0,0.521519337023836,0.014825194776731145,0.489992513027192,0.5122936890932542,0.5224300538543312,0.5316433872919599,0.5477821632161903,6.32245117280145e-05
t_subj.32.0,0.4856371408382729,0.011760051696198372,0.46120967510828265,0.4783902850909134,0.48617742905865824,0.49330141760781454,0.5069615510651554,5.1957627352924334e-05
t_subj.33.0,0.5511762883416745,0.012650420592742899,0.5242067915168585,0.543220503430443,0.5519447143326688,0.5599933358768097,0.5737163246778978,6.060612793157588e-05
t_subj.34.0,0.5576156956207535,0.04325712855957444,0.4582133260538581,0.5508144044382884,0.5679122580079112,0.5850236132395742,0.6136098894256757,0.0007767172754698907
t_subj.35.0,0.4948558446709123,0.011001262863281592,0.4710932078782999,0.48801544049616363,0.4956363386043081,0.5025442519543474,0.5141805029632379,4.653026611918685e-05
t_subj.36.0,0.5403324281429591,0.01179389176525015,0.5164235231682699,0.5331513628683617,0.5407634761255146,0.5477953563868453,0.5610019887829902,6.314842769630262e-05
t_subj.37.0,0.5898690873950219,0.017585877722369015,0.5516302855610528,0.5788562688359938,0.5912118702807299,0.6023259780267058,0.6202782619648497,8.522147603562959e-05
t_subj.38.0,0.555497573397379,0.008592974539468686,0.5366289868343355,0.5502866279956928,0.5562245269830659,0.5615206977750217,0.5700917086093004,4.141695529446975e-05
t_subj.39.0,0.6543484107241946,0.014634422889794208,0.622399693549474,0.6451963261290634,0.6554536795562155,0.6647969775667051,0.6795726748889714,7.317743741097579e-05
t_subj.40.0,0.46543207976179135,0.01620331818726981,0.4308963962474282,0.4551618641039033,0.46639837055196004,0.47676770370471994,0.494183679111849,7.611776507169754e-05
t_subj.41.0,0.47805653856227764,0.014491747968623908,0.4508607284673364,0.4687705853956246,0.4772839232938239,0.48619601399889834,0.5103282871769759,7.640488004432022e-05
t_subj.42.0,0.5470635719522355,0.01751840344448936,0.5018012919761976,0.5385385841193365,0.5496403340829774,0.5590602312897297,0.5736284642529043,8.482768609815728e-05
t_subj.43.0,0.5405736529492827,0.013059628487764941,0.5125761918249072,0.5323027932099423,0.5415328223588964,0.5498404616025074,0.5634013221225109,5.807137681943423e-05
t_subj.44.0,0.4966252149736106,0.012826118349353627,0.46925333173966705,0.48850482750860524,0.49746879422604634,0.5057143147061188,0.5192868866646183,6.79003880353729e-05
t_subj.45.0,0.47117298088990167,0.012718232341192414,0.4437254721714256,0.46315911988971237,0.4720949941375926,0.48015001508537003,0.49351123573635247,6.52440243241297e-05
t_subj.46.0,0.4408878000152885,0.009973016219592628,0.4189471402012151,0.4347802177034649,0.4417137252396914,0.44796413001106133,0.45792225974823386,4.756848139144075e-05
t_subj.47.0,0.5401320282158948,0.01153997690897126,0.5152892556277505,0.5329073819767725,0.5408509243060136,0.5481674901428842,0.5606185739622902,5.654978016451729e-05
t_subj.48.0,0.48331023729556344,0.014633201954097471,0.4601989730756967,0.47297745543371744,0.4797351007224503,0.4949654323900161,0.5127321211021969,9.551296069262466e-05
t_subj.49.0,0.46913420930908567,0.010491056533674619,0.4467163027606596,0.4624882208030224,0.46987718722025285,0.47656776755703206,0.48766950656616315,5.041553484069293e-05
p_outlier,0.005286186808498375,0.0011527542959727402,0.003215392025695915,0.0044746866564806505,0.005220645432661805,0.006024000659425986,0.007725411582821353,7.592035260442931e-06
v_Intercept,0.0720951641793191,0.054843321383094466,-0.03577601646414359,0.03605783129210083,0.07231706454788737,0.1083915040559194,0.17929493924205975,0.0002666553741084651
v_Intercept_std,0.35943172608772095,0.04306259294598523,0.28470632415711056,0.3292995712236272,0.35590508833385937,0.38585989662924425,0.4537261466232755,0.00020428072999179058
v_Intercept_subj.1.0,-0.1553928843651375,0.1077875023020768,-0.36516383530514823,-0.22783440625226437,-0.15632798467497425,-0.08298897716305156,0.0567191173379229,0.0005109272642377273
v_Intercept_subj.2.0,0.12666620483322538,0.08606580200570454,-0.042731603264482027,0.0682770436516312,0.12692940844928008,0.18477906021505425,0.2953349727246248,0.00040154501724269827
v_Intercept_subj.3.0,-0.08217021229974576,0.08759582069838014,-0.2544064317498052,-0.14083673676379793,-0.08241467242874082,-0.023071602019926307,0.09024679572350208,0.00044112015808151953
v_Intercept_subj.4.0,0.21878767550044081,0.14844134719744229,-0.07086666349075732,0.11898599844676122,0.21833473027521044,0.3178037950905383,0.511583561163459,0.0006707555834237849
v_Intercept_subj.5.0,-0.17069692852847101,0.11606371457161707,-0.40038539422659,-0.24844720238683363,-0.17096172412704724,-0.09199382168002063,0.057689870214844396,0.0005148243281626072
v_Intercept_subj.6.0,1.0550434097691834,0.13157948729126415,0.7979670513704189,0.9659687097998427,1.0548985977864906,1.144105361257452,1.313658340197461,0.0006813773588793431
v_Intercept_subj.7.0,0.011178748859076949,0.09392745914532394,-0.17233203176841677,-0.051865221559647096,0.010346066602973991,0.07449944845834836,0.1958141486804107,0.0005219915011091664
v_Intercept_subj.8.0,0.17748601144912848,0.10699546234557086,-0.030715354635903025,0.10484631651531526,0.17673049147652214,0.24940451475074193,0.388789718164529,0.0004983249189622178
v_Intercept_subj.9.0,0.2965382223991567,0.0937529872174454,0.11092537456437584,0.23393727052284008,0.29648104143668974,0.359744829076745,0.4806166890531312,0.0004160267568462923
v_Intercept_subj.10.0,0.231593656199379,0.08152524016163695,0.07076403174419929,0.1766759217516527,0.23173681411702973,0.28654509781409865,0.39102809237797964,0.0003868951289371763
v_Intercept_subj.11.0,0.4298479233480234,0.09573028025609821,0.24404342649351232,0.3652214314118997,0.4293296469511514,0.4942907149798881,0.6203164010204607,0.0004787185092685808
v_Intercept_subj.12.0,-0.029345111894898877,0.09264203172373234,-0.21128762375177168,-0.09233782207015143,-0.029274475609938094,0.03397166281833569,0.15164306518354698,0.00040826139561037837
v_Intercept_subj.13.0,-0.9541201180949131,0.146874709394416,-1.242189085558141,-1.0532097413781887,-0.9532076025997028,-0.8545031745153995,-0.6689103663874916,0.0007395128216980138
v_Intercept_subj.14.0,-0.015167493496751217,0.09549196774483658,-0.20375510453352097,-0.07931656236033235,-0.014813110453210876,0.04903846742808943,0.17236964997405146,0.00044164596561763815
v_Intercept_subj.15.0,-0.34877803823770687,0.1377675946652743,-0.6200261328466822,-0.4418246976257911,-0.34798763511924624,-0.25559845150404414,-0.07983671163160228,0.0007521815575435465
v_Intercept_subj.16.0,0.05832924661840475,0.0897402078464179,-0.11704706968805649,-0.002750107721518222,0.05904055956614894,0.1190293356224795,0.23337694735171116,0.0004207884057999572
v_Intercept_subj.17.0,0.2801425462490434,0.1285409903327346,0.027913174690307824,0.19370009931842616,0.28081561516186293,0.36576255503568306,0.532212966879605,0.0006318653348642209
v_Intercept_subj.18.0,0.3039513453804067,0.10030856742438801,0.1070776565577697,0.23607570785420023,0.3041978154677589,0.37101761480411866,0.49892833132218284,0.0004162553621171027
v_Intercept_subj.20.0,0.3445229184394495,0.11343005184825541,0.12216715157068027,0.26773542542764817,0.3442502877976097,0.42059633606172186,0.5672305023417628,0.0005257575038141867
v_Intercept_subj.21.0,0.1957648656456129,0.08830662525131559,0.024789338791651967,0.13569317127822167,0.19502336957625194,0.2556665159142626,0.36904369662536773,0.0004106739034441199
v_Intercept_subj.22.0,0.17932314666302976,0.09132204542573069,0.0012952736641127088,0.1176798530170895,0.17949061201013788,0.24095251514996985,0.3586228813675972,0.0004452396572440686
v_Intercept_subj.23.0,0.3277058810714032,0.09366397490003131,0.1443974372998942,0.2648345806860557,0.3278486201023021,0.3909528128078885,0.5109676810086333,0.00046457509838094597
v_Intercept_subj.24.0,-0.44832235852320845,0.09646660762854756,-0.6386134432040834,-0.51334996416114,-0.4484344348476337,-0.3828548634734278,-0.2603831080805019,0.0005020327812864185
v_Intercept_subj.25.0,0.16979949763787716,0.1021515737077799,-0.028528463654445363,0.10065933446766531,0.16913298505271035,0.2387015794246024,0.3710739570951431,0.0004517460413455016
v_Intercept_subj.26.0,0.16395873599184485,0.10419097240590414,-0.03974622465701083,0.09408618049679797,0.1632813077057296,0.23410813038153072,0.3695273639543779,0.000432976158036397
v_Intercept_subj.27.0,-0.04532017718302023,0.07964275917304109,-0.20095721240706146,-0.09885846902029871,-0.045101417589658396,0.00839457687664305,0.11083929344349186,0.0004032312019888469
v_Intercept_subj.28.0,-0.6090929527560475,0.1093562575989641,-0.8242386564050684,-0.6825120709424611,-0.6088803896113675,-0.5351902300437591,-0.39362414296824344,0.0005044372826908269
v_Intercept_subj.29.0,0.11415413696279132,0.10010110432353221,-0.0817152274414235,0.04668346747983318,0.11408723357911203,0.18162991989578595,0.3106384864808524,0.0005062761571525382
v_Intercept_subj.30.0,-0.5577792797585733,0.12572137459965943,-0.8043051361068073,-0.6429691207473669,-0.5578927905332393,-0.4722683022394608,-0.3124214783337319,0.000665874632842257
v_Intercept_subj.31.0,-0.1621493981036386,0.09031872091203072,-0.3409027440937861,-0.2232513926713094,-0.1620837117347808,-0.10125974063791238,0.013417560587659139,0.0003985090948202336
v_Intercept_subj.32.0,0.027159881512291498,0.09732721176628802,-0.16192475449724886,-0.038907250227341136,0.02702736276132886,0.09240723529484535,0.22030634121755013,0.0004496420255859536
v_Intercept_subj.33.0,-0.44420007816168855,0.10107262643828106,-0.6435388502536931,-0.5125980206699069,-0.4435959229905624,-0.3755562286077423,-0.2466120319263994,0.00048156247994267853
v_Intercept_subj.34.0,-0.0935541496925133,0.09682855652814278,-0.28271841289829286,-0.15916532774620024,-0.09352476033469109,-0.028480957700518894,0.09756569168588336,0.0004678040532147583
v_Intercept_subj.35.0,0.3093836812869525,0.10403432880791871,0.10670065113553685,0.23924502585381355,0.3090907355514203,0.37924584762484936,0.5135387368519297,0.0004886307348370265
v_Intercept_subj.36.0,-0.010448105826221661,0.09889425124684556,-0.20616392283990564,-0.07690739661931982,-0.010628039565286879,0.05601368084281744,0.18360953081081893,0.00048203225373331146
v_Intercept_subj.37.0,-0.04897354713536618,0.08263890164125266,-0.21129011383417548,-0.10456039470811287,-0.04880518170039902,0.0062934150515477905,0.11282428757234547,0.0004264472367771872
v_Intercept_subj.38.0,0.1281238921496362,0.1088262786000531,-0.08569304708775613,0.05483221617691434,0.12836384354309985,0.2012110395784137,0.3415434133217809,0.0005191801611263146
v_Intercept_subj.39.0,0.18200125902149025,0.09425265662773817,-0.0034298107144915685,0.11860646497134054,0.18209517395877553,0.24577795481641007,0.36572458697072496,0.00044706870559454894
v_Intercept_subj.40.0,0.4651127087416703,0.09063536551802324,0.2896889519632685,0.4034300752081881,0.464359726707952,0.5262405203427208,0.6444934060123775,0.0004084052792018342
v_Intercept_subj.41.0,0.05018439728994066,0.09862746644133624,-0.14287473508371082,-0.01596716469138846,0.04997738504233812,0.11656478119967906,0.2442294131869491,0.0004120360923374128
v_Intercept_subj.42.0,-0.0018050735925805783,0.09178597124089106,-0.18244849452385853,-0.06368551199116015,-0.0016444539852219636,0.060108630773975304,0.17805331340718256,0.00044457546853725934
v_Intercept_subj.43.0,0.32940532644816484,0.09752071810329635,0.13892470393093637,0.26299474938434486,0.32921313297530963,0.39527556188647134,0.520675064533954,0.0004320490054246705
v_Intercept_subj.44.0,0.4444288114149856,0.10107415111148002,0.2461763165990571,0.37678322080656645,0.4440161342327823,0.5123999646007082,0.6431287340876359,0.0005520460129447108
v_Intercept_subj.45.0,0.356442492889481,0.09322786114998638,0.17507567394826162,0.29292348705612187,0.35621895470764614,0.4193085716930896,0.5399324671585097,0.00039268368047648214
v_Intercept_subj.46.0,-0.2750941760615816,0.10510929236634624,-0.481046527916122,-0.34593106134627444,-0.27440924649425563,-0.20396389004137114,-0.06991134876325056,0.0005479297348329483
v_Intercept_subj.47.0,0.22424570002055635,0.10434777793534189,0.018032171764215107,0.15372750702907179,0.22496807204370212,0.29486235969079333,0.42912826082568684,0.0004807788031589692
v_Intercept_subj.48.0,0.156155686977707,0.11674584706027388,-0.06929983049261329,0.07642688372867319,0.15577120526119304,0.23435209461974074,0.38732271606452284,0.0005075284950795072
v_Intercept_subj.49.0,0.527292835634335,0.10767018387626584,0.3162181452762611,0.4548807182310174,0.5269396153996184,0.5996801575558288,0.7390610614705563,0.0005419550831000763
v_stim,1.766818290728612,0.059744908638874675,1.6517147676010013,1.7267802251879039,1.7662973014595733,1.8061778966732194,1.8856707846100589,0.0002855054611483409
v_stim_std,0.34735597828798476,0.05171972002019935,0.25595691574175283,0.3113524953049371,0.34374244429778733,0.37923974157728335,0.45987895846176596,0.0003133442474246643
v_stim_subj.1.0,1.7077115728971832,0.20481476238930027,1.3132649598833126,1.5686837379420044,1.704963364112077,1.843511857191784,2.119237313567176,0.0008358291079112809
v_stim_subj.2.0,1.9028308293662048,0.1778282260727744,1.5573366372002175,1.782491918165207,1.9021946528764966,2.022134460954255,2.2563318509854557,0.0008346071374214345
v_stim_subj.3.0,1.5871114810404892,0.15720487317548107,1.2804146202439863,1.4812476326269408,1.5863864015825309,1.6925691314979512,1.8982374278666292,0.0005887890974955667
v_stim_subj.4.0,2.191993941917635,0.2377735405176743,1.7350487994614823,2.030890435660654,2.188264338068883,2.351165788380215,2.668138288693497,0.0011031477298294096
v_stim_subj.5.0,1.7935972765760997,0.1957945722159895,1.4130895914180979,1.6617271717247077,1.792710286825653,1.925038487980875,2.180295461153457,0.0007928826048606652
v_stim_subj.6.0,1.6447361632812698,0.17893363958794728,1.2928809413638491,1.5235187135118846,1.6450527231074394,1.7658145867018011,1.9928093119148103,0.0007157512422746676
v_stim_subj.7.0,1.496267926864784,0.16413792150562484,1.176116743581649,1.384385967756741,1.4956498463820873,1.6063695713743544,1.821189381706493,0.0007210974557948043
v_stim_subj.8.0,2.0549670888648435,0.19652909126790513,1.6719966584878718,1.9212766812986464,2.0537199354161464,2.187434563872465,2.4413686997855444,0.0009800732473498476
v_stim_subj.9.0,1.9079386469525441,0.17299181140157494,1.572840900996861,1.7906029383154425,1.9068869412693452,2.024295875168225,2.2505599218826773,0.0006918859688550829
v_stim_subj.10.0,1.127025306825503,0.13481543366013057,0.8627116886829269,1.0362659088606025,1.1273814475266122,1.2177492767512264,1.3941930040937778,0.000516051330637963
v_stim_subj.11.0,1.447749477115002,0.1586858500394034,1.1378535233119205,1.3406283371618775,1.4466650357337272,1.5549021578150923,1.75944580214562,0.0006205810726348195
v_stim_subj.12.0,1.6788291697757018,0.17404843329276623,1.3434793747925442,1.5604136853878319,1.678038534897794,1.7955252152706507,2.0225434435050613,0.0007353018428501459
v_stim_subj.13.0,1.9789628650190783,0.20394279213697442,1.5856879015572538,1.8396348608839899,1.9770820283657644,2.1143452914527545,2.384851346240949,0.0009658734284193589
v_stim_subj.14.0,2.1059693852968726,0.19185245222423242,1.7360526951211848,1.974723961112594,2.1034712885424236,2.2348054851124766,2.4885663331896373,0.0008034246200980562
v_stim_subj.15.0,2.0818621703782894,0.2058253025442362,1.6834772725850191,1.943249103674301,2.0809898369688007,2.2176561693018435,2.4905096355885767,0.0009422616491709109
v_stim_subj.16.0,1.6237754482401108,0.16240251043637297,1.305550820733744,1.513730872672094,1.6243530324559565,1.7336285735178327,1.940745985106374,0.0005911651695727181
v_stim_subj.17.0,1.7213253619175597,0.20178974845173314,1.326509056531461,1.5846344222603828,1.7212025672183244,1.8573515590497778,2.1174046187296125,0.0008728731846236631
v_stim_subj.18.0,2.161460869503145,0.19735016255597354,1.7828621764064985,2.025891773101731,2.160097848835715,2.293158085769348,2.553862414430969,0.0008883149663887313
v_stim_subj.20.0,1.709727338574874,0.1838080342181201,1.3521030862700139,1.5861878537245748,1.7093993608033071,1.8324686325411874,2.072646923974562,0.0007918122644327733
v_stim_subj.21.0,1.7216138473566693,0.17817713791547898,1.377841479324048,1.6012008327207672,1.7201102874301168,1.8403906062486322,2.074684253338303,0.0007176710048170027
v_stim_subj.22.0,1.3843139130283149,0.15449090982080604,1.0822165456443407,1.2802941823997902,1.3849111250900175,1.489030075932055,1.6838611752854677,0.0007203520904374385
v_stim_subj.23.0,1.7906289217389333,0.16635161026015907,1.4616045458713154,1.679219250215977,1.7906116540543306,1.9024343514184472,2.1164758596491,0.0007289381066630342
v_stim_subj.24.0,1.5838871185050265,0.16161552394622855,1.2676246035987642,1.4753526230522063,1.5831254951770906,1.6916192740711815,1.902780839878086,0.0007484898032851673
v_stim_subj.25.0,1.5388012052208992,0.16659901977116756,1.2167529029657622,1.425866107163972,1.5371794834280081,1.65095108217861,1.869032786596049,0.0007343728414627515
v_stim_subj.26.0,1.7500430476320217,0.1793992359412926,1.3983066696527162,1.6294752009255222,1.7490124267735112,1.8719041242012904,2.101528834111028,0.000760736141756736
v_stim_subj.27.0,1.5380000865335477,0.15255111504282748,1.2404036541930477,1.4356041550668535,1.537677824983662,1.6401180746909692,1.8389074715259182,0.0006851082985473453
v_stim_subj.28.0,2.1655580862472585,0.1993102476990978,1.7846472914471858,2.029563471142158,2.161572920396609,2.2984633077884884,2.5643315177155603,0.00087653089149665
v_stim_subj.29.0,1.80501736525415,0.20649900038242391,1.3934174506336847,1.6673585866459855,1.8081814188234215,1.944912264361637,2.2019378851296603,0.0010361328417237594
v_stim_subj.30.0,1.866370784516622,0.19899860864768734,1.4791619671256544,1.7319960720098975,1.8651160156557767,1.9988623059705986,2.2614923814246235,0.0008809582893051655
v_stim_subj.31.0,1.4767490182721843,0.15249573896516694,1.1772150882732217,1.3747712152928164,1.4770670242173063,1.5783789550734448,1.775881674678967,0.000697444679443452
v_stim_subj.32.0,2.1395227732287934,0.19466945844112657,1.7643248589168072,2.0065867142100315,2.1368857250221285,2.2700283386767905,2.526728546680461,0.000886717196138089
v_stim_subj.33.0,2.0748649122589313,0.18420793256329945,1.7180132240059793,1.9492793788624845,2.073722618541404,2.1981445400716133,2.4425009737782095,0.0007442088292690955
v_stim_subj.34.0,1.498317686894025,0.18476974498435955,1.1396138461625844,1.372254338006718,1.4991524790970154,1.6229571121763766,1.8646456394034017,0.0013891935717392995
v_stim_subj.35.0,1.6323426202085842,0.17591802552142866,1.2870743412338024,1.5137886573342876,1.6319464534827217,1.750625057264266,1.9765481659140443,0.0007793460174025704
v_stim_subj.36.0,2.1814380251911243,0.19203731156825476,1.8118921755463073,2.050287701985669,2.1790894946926467,2.310885963385112,2.562032571390132,0.0008116929894303592
v_stim_subj.37.0,1.363176013397684,0.16666087287335388,1.0271991450521645,1.2532197553648554,1.366867334460733,1.4771771362109303,1.679347264469488,0.0006628465805902974
v_stim_subj.38.0,1.4495732721156622,0.1685350312439623,1.1153233741863686,1.3372364656310514,1.4500398588177617,1.5633590032020233,1.7770841159488926,0.0006630964355818125
v_stim_subj.39.0,1.5056654930930446,0.1610447131010589,1.1905895056439915,1.3983496490576068,1.5044068938034934,1.6141991627005678,1.8244080472855402,0.0006823045849881053
v_stim_subj.40.0,1.8217078210872983,0.17122119347330533,1.4904629052680485,1.705473273204208,1.819551551820813,1.9365524121453053,2.163169287796179,0.0007313957961577871
v_stim_subj.41.0,1.8672966647531075,0.18106878168482518,1.5145726519202658,1.745322917725211,1.8665532181209343,1.988605914565169,2.2259572509601755,0.00079347102340934
v_stim_subj.42.0,1.8490700326727392,0.18087422791271068,1.5010802366151585,1.725830337165545,1.8476206923412402,1.9708853434829319,2.2073308988762097,0.0008991859908105467
v_stim_subj.43.0,1.6749033930171164,0.1719712940101752,1.3387016825412783,1.5592983302848213,1.6751073671343555,1.7908817802602828,2.013570939553809,0.0007885528745273194
v_stim_subj.44.0,2.123436587932857,0.20922797456826583,1.7317300444707513,1.980312532909232,2.1169705757367674,2.2591674596232854,2.5558310351060944,0.0007968929227409388
v_stim_subj.45.0,1.3963918126520944,0.16120517798395406,1.082986202441324,1.2882577164510525,1.3949902009466852,1.503793403507928,1.7177858718498558,0.0007576558706311736
v_stim_subj.46.0,1.3309151321266508,0.1623434567453985,1.0142432000957846,1.2220219188641572,1.3305109794013141,1.439453640351011,1.6517468171513214,0.0007301730752167134
v_stim_subj.47.0,1.6968758263146673,0.17436645947009913,1.3600011617869558,1.5793787164754773,1.695454881233597,1.8126795696985307,2.043343618675209,0.0007246261299137095
v_stim_subj.48.0,2.3468255797861883,0.2243225277634175,1.9197246208556398,2.193270353114683,2.343344310913437,2.4942885031012145,2.8000325256038994,0.001102306796472363
v_stim_subj.49.0,2.3132291936199016,0.21111606211649972,1.9061936129021162,2.170013378024829,2.31026724474315,2.4543537403625,2.7375113757292056,0.0009421283749532026
z_Intercept,0.4730557184659949,0.006599655160423028,0.4599279157490286,0.46866856480689867,0.4730650703339056,0.4774749163510881,0.4860567423574736,7.491658560815601e-05
z_Intercept_std,0.15072540400285053,0.01859026615074785,0.11621624428978707,0.13786097518263934,0.1499571255581599,0.16280049295622134,0.18932872180535656,0.00011950697432680021
z_Intercept_subj.1.0,0.44072896051926014,0.022203180658879072,0.39708514857319377,0.42582994334380586,0.4406457703590017,0.45565199102686443,0.48453727678642355,0.0001936740259821326
z_Intercept_subj.2.0,0.4780946689541712,0.01970824400720958,0.4397429880482212,0.46486299697008143,0.4780888404996902,0.4913492826141065,0.5170368161651224,0.00018090000391925102
z_Intercept_subj.3.0,0.42896393320909043,0.021634873534718525,0.3867171435149576,0.4144152320762601,0.42912292263086294,0.44356153688481365,0.47143469003765287,0.0002522822567694398
z_Intercept_subj.4.0,0.4441014038628634,0.020806533521553143,0.40369759418239026,0.42983161009972515,0.44394876386806337,0.4581867624509405,0.485084333321068,0.00018886638582948836
z_Intercept_subj.5.0,0.5368941399358783,0.020773174548765164,0.49671925986681,0.5228972488056978,0.5367497462711002,0.5510329095417967,0.5777756573723043,0.00021903285656795068
z_Intercept_subj.6.0,0.5115761790760983,0.02397695376736416,0.46502478318890583,0.4954099320432805,0.5116418844718686,0.527475319433511,0.5597995540053695,0.00028519762556730027
z_Intercept_subj.7.0,0.4145686254933097,0.021370253904854343,0.37284609233497573,0.40009490209579013,0.4143740659697876,0.42885105887295066,0.4568312188262928,0.00023571670041590737
z_Intercept_subj.8.0,0.4719351209940409,0.020430629427674638,0.4323166464263991,0.45793456771964136,0.47206747275286604,0.4856470328755762,0.5120604063573985,0.0001879710839824339
z_Intercept_subj.9.0,0.48691030128896,0.019661247103979967,0.4485399801054815,0.47375242875792184,0.4868608242429067,0.4999599754713144,0.5257415404617591,0.00017945519940052771
z_Intercept_subj.10.0,0.4149949036871173,0.02138065676046556,0.372678042045327,0.4006797690255592,0.4150883371640435,0.4292616887989667,0.4571141959976503,0.00021220361455789855
z_Intercept_subj.11.0,0.4982831340658199,0.020927482715427843,0.4572742427870028,0.48411269014791936,0.4982470134867494,0.5123865236050158,0.5393467385101036,0.0001844632996973365
z_Intercept_subj.12.0,0.4685686542457716,0.020929074809358152,0.4276113287985915,0.45441519438179756,0.46825332741876313,0.48253946335461717,0.5096970545534956,0.0001585122532179155
z_Intercept_subj.13.0,0.5085015359942282,0.023477763192107773,0.4627876835557292,0.4925637910358707,0.5083702102512451,0.5240961886626969,0.5552147113911046,0.00024569656756195756
z_Intercept_subj.14.0,0.5080745668060812,0.020076343120636695,0.4689187165108129,0.4946597331193695,0.5081865237414473,0.5211957250099982,0.5475599103256432,0.0001887254411095516
z_Intercept_subj.15.0,0.4192555968596442,0.021753666114439057,0.3767958117212723,0.404514596052374,0.4191102554913006,0.43380769779730605,0.4618208643544085,0.00024746910198137235
z_Intercept_subj.16.0,0.4699445029956402,0.020970557429089123,0.42906109133726433,0.4554647310013709,0.4697385080167009,0.4841702637565574,0.5112530488041525,0.0002018675231617413
z_Intercept_subj.17.0,0.47147134770254906,0.020621517501612008,0.4310957335639806,0.45768251903366036,0.4713956111653884,0.48539293052925386,0.5112952353590221,0.00018181140131727836
z_Intercept_subj.18.0,0.44631694317895326,0.02017341277220792,0.4068780789580406,0.43270501290903096,0.44631903335823087,0.4598293964890914,0.48565339167266736,0.0001855209166617711
z_Intercept_subj.20.0,0.5150562496949852,0.021929508555437637,0.4713980446098099,0.5000795100706307,0.5153661014982833,0.5299208312499558,0.5572429473639666,0.00020433056840775578
z_Intercept_subj.21.0,0.49463111992380504,0.020948493760537146,0.4536269250692165,0.4803402805140174,0.49458291152455736,0.5089905314556847,0.5351223943221927,0.00019601734009998582
z_Intercept_subj.22.0,0.415675680819984,0.021807106303315914,0.37307865059686646,0.40094727992991375,0.41549356752294336,0.43019700555281626,0.458877233237624,0.0002384205193633083
z_Intercept_subj.23.0,0.5379103852099241,0.022660728152515235,0.4936022249212613,0.5222832624821969,0.5378508133166716,0.5534808684350746,0.5821262115189362,0.0002546337224532259
z_Intercept_subj.24.0,0.4536903059380001,0.021761168631959687,0.41134691078401003,0.43880245738910695,0.45332545161614346,0.46850206420829926,0.49622729665500404,0.0002307222280917344
z_Intercept_subj.25.0,0.44753418080556395,0.020958853097665944,0.40688292992714287,0.4333328686018286,0.44750739285708935,0.4617201338411538,0.4885461943031209,0.0001912868196287688
z_Intercept_subj.26.0,0.437168666158917,0.020540597379757792,0.3969147444892937,0.42336916184220963,0.43704953344814035,0.4513156148710727,0.47749055963149145,0.00020401885027403053
z_Intercept_subj.27.0,0.4965767475667468,0.02065102926301717,0.4566236808464565,0.48277461394172844,0.4963196257627798,0.5104898063001216,0.5369373110748904,0.00018560680625782323
z_Intercept_subj.28.0,0.4895595303380772,0.0217144780177693,0.4475905126489396,0.47493531333043054,0.4896032395398787,0.5040564947662822,0.5325099421314119,0.000224678931870843
z_Intercept_subj.29.0,0.48037291556425105,0.019334868599663716,0.4428644593272454,0.4672949265243452,0.4803848965202209,0.49330513202537474,0.5178246891013376,0.00018629958660526698
z_Intercept_subj.30.0,0.43066821881853024,0.02194315256005142,0.387887172302574,0.41590052480494155,0.4305497170601762,0.4453183953626294,0.4740342141613926,0.00021247591947991937
z_Intercept_subj.31.0,0.4774796649145897,0.02160063935734889,0.43558788017654304,0.4630142713620804,0.47719838000717735,0.4919639447116725,0.5204905902666555,0.00022097969228356343
z_Intercept_subj.32.0,0.4464106247058427,0.020323689058815847,0.4065502531407765,0.4325085668927818,0.4464735236097609,0.46023946664364734,0.486146067342388,0.0002211762213038225
z_Intercept_subj.33.0,0.5289195140548231,0.020855295002832893,0.4873652844179594,0.5148745222475538,0.5287978418948928,0.5430233733660131,0.5695933403271723,0.000212890620379239
z_Intercept_subj.34.0,0.49857602978529314,0.022466175826664315,0.45507044674600255,0.4831497622313792,0.49840999397040986,0.513769133821416,0.5431750337656228,0.00028341825639868317
z_Intercept_subj.35.0,0.46836347964901615,0.02020934382920564,0.4291531197552837,0.45508846946737447,0.4680928103697324,0.48172924676244705,0.5085314537820925,0.00019119786771884013
z_Intercept_subj.36.0,0.4731676673420453,0.02073071177002018,0.43275314201732085,0.45910282527953367,0.4731333844380855,0.48711645913966256,0.5143466466614735,0.0001982758451173615
z_Intercept_subj.37.0,0.4567396150314246,0.021356789433713375,0.41455384905666764,0.44252130435688464,0.4568237358145791,0.47118033931803666,0.49834760120243754,0.0002030160365617865
z_Intercept_subj.38.0,0.46283539084748515,0.019255610012926434,0.4256209171556639,0.44969771778291956,0.4628474326176402,0.4759776910490111,0.5005899297880995,0.00019668485723072052
z_Intercept_subj.39.0,0.48535075812537,0.02093552976855831,0.44422652734611023,0.4713033369628761,0.4852467626031927,0.49930973218748187,0.5263007299150362,0.00019600959740270562
z_Intercept_subj.40.0,0.48283881469371004,0.02023959529064735,0.44326714589271415,0.4691952106483333,0.4827226319833554,0.4964490847294345,0.5227270407434569,0.00017110221761974673
z_Intercept_subj.41.0,0.5227930614084608,0.021133748130590883,0.481274191453293,0.5083056132142959,0.5228718453767127,0.537164197900444,0.5641449269164076,0.00019683742255479776
z_Intercept_subj.42.0,0.4843415060663341,0.02028848897660319,0.44466088354201794,0.47050783856084566,0.48401532113885065,0.4979829904856021,0.5244513701936959,0.00018090750531648663
z_Intercept_subj.43.0,0.4914685454760561,0.0205034406616495,0.45125533185556604,0.47768628498086774,0.4913976818876891,0.5050138136902835,0.532095696799256,0.00017765409343408357
z_Intercept_subj.44.0,0.484092750223743,0.020118678551183634,0.4447973105233086,0.47047576707412886,0.48383808083107904,0.49749858642066125,0.5240399506288131,0.0001839276650904842
z_Intercept_subj.45.0,0.4570535380017128,0.020144114157780016,0.41769126052956923,0.4435225254110663,0.4570661014484016,0.4705645073289982,0.4966873726398779,0.0001967287441277226
z_Intercept_subj.46.0,0.41380587273253455,0.022330154509215973,0.3692055789640002,0.39866594556358814,0.41391178688865043,0.4288784721116086,0.457728800338034,0.000264299059874745
z_Intercept_subj.47.0,0.5439354659049991,0.02160233424689969,0.5023209885558562,0.5292071418363411,0.5435206547085204,0.5584687209480362,0.5870786782112191,0.0002327706711234914
z_Intercept_subj.48.0,0.4760086520779213,0.022156212573468774,0.432541586628833,0.46117024824323166,0.4761175380005394,0.49119060848302437,0.5188087508982545,0.00020109526072323872
z_Intercept_subj.49.0,0.44123074815861135,0.019668953506259794,0.4024945136063754,0.4278097974386877,0.44131108902584415,0.454631908248336,0.47987088626269936,0.00017738256233367487
z_condition,-0.013833913399034963,0.005492092318021649,-0.02469488039165981,-0.0174776604403284,-0.013821656402533807,-0.010180772612201253,-0.0030381292227255503,2.144344244770652e-05
z_condition_std,0.03244583859469215,0.004800160779887129,0.023928718093686848,0.02912394435053564,0.03213514598140914,0.035424042383493365,0.042671607598290945,2.8983529432015095e-05
z_condition_subj.1.0,-0.012801752059409017,0.016767135412607662,-0.04574808901074268,-0.024162900130290852,-0.012845006578521702,-0.0014766559371243715,0.01981977084528371,6.540576055431361e-05
z_condition_subj.2.0,-0.029339561702221604,0.016568363441501623,-0.062067457572355184,-0.04038896348437816,-0.029366621242456037,-0.01813968157245915,0.003037435089843568,7.671979082669973e-05
z_condition_subj.3.0,0.02214125732620759,0.016962195128971527,-0.01076496321506206,0.010630478590115268,0.022001053715088786,0.03351103641263196,0.0555761643738531,6.937382398948605e-05
z_condition_subj.4.0,-0.007707141191396819,0.01657783511679203,-0.03999782146959529,-0.018848006535712836,-0.007742681151654315,0.0034206516109635335,0.024989088333332264,6.555553577712037e-05
z_condition_subj.5.0,-0.03911003139076111,0.017817573472335327,-0.0738884529307286,-0.0510708125769552,-0.039236421393445985,-0.02721335285610127,-0.0035287563638395636,8.571096434906292e-05
z_condition_subj.6.0,-0.04462560466855214,0.017005008607741432,-0.07781358857713491,-0.05612729674333692,-0.044601977203275744,-0.03323734712544025,-0.011081545040574459,7.076032752466027e-05
z_condition_subj.7.0,-0.02024791385355421,0.01628488606628727,-0.0521167876382225,-0.03125798467942115,-0.020152729311584884,-0.00929400692616749,0.01151494811952726,7.038203176491046e-05
z_condition_subj.8.0,-0.034148129550978436,0.016983026499511333,-0.06756864854116361,-0.04558045116976551,-0.03412747902187609,-0.022759396085013067,-0.0007890432070114944,7.55914978492686e-05
z_condition_subj.9.0,0.03772298954825266,0.017239820885723428,0.004350449161042862,0.02600277183994978,0.03761233548474037,0.0493975322941012,0.07185966544313424,8.517535760926129e-05
z_condition_subj.10.0,-0.03334938059275704,0.016872926511667233,-0.0660856644955017,-0.044786012477801555,-0.033310684267961806,-0.021963258875113474,-0.0004520204400483979,7.414897904788731e-05
z_condition_subj.11.0,0.005258228219393108,0.016880981262891368,-0.027475600716145587,-0.006054242453888872,0.005051748364306455,0.016535983877943472,0.03852289355622035,7.09606543151869e-05
z_condition_subj.12.0,-0.005643074937394515,0.016655286983366494,-0.038284709750961994,-0.016906173307929373,-0.005559272690199898,0.0055252059795544844,0.02702571422406555,6.882660601384686e-05
z_condition_subj.13.0,-0.027911904656649503,0.017101098638422397,-0.06145801852517882,-0.039396723758035934,-0.02785407172398359,-0.016378821143811388,0.005602925156828392,8.405654330992144e-05
z_condition_subj.14.0,0.008411683675703866,0.016554454579337692,-0.024064152447851907,-0.0027319764368204692,0.008335777063578374,0.019474655084437686,0.04125559602530035,7.160572284811435e-05
z_condition_subj.15.0,-0.03302787762250136,0.01650735057007415,-0.06551447866638674,-0.044091377904145024,-0.0329577039127061,-0.021854428187095168,-0.0007055034083282979,6.878362788185261e-05
z_condition_subj.16.0,-0.01686089699856856,0.016987194770238415,-0.050258196696354895,-0.028234113886869958,-0.01674766996975617,-0.005443635273235298,0.016165040111733545,7.236126979378433e-05
z_condition_subj.17.0,-0.0071285207273525724,0.016906274942676845,-0.04013511191852367,-0.018487052677123993,-0.007143452099177383,0.004183469733559125,0.026073735134929416,6.980509463274917e-05
z_condition_subj.18.0,-0.013629188244920902,0.01658947432366943,-0.04584783165212774,-0.02477240133233835,-0.013606281887743224,-0.002591874172104325,0.01906695368069053,6.767544351343765e-05
z_condition_subj.20.0,0.022528954456946703,0.0175312046105708,-0.011840009726979635,0.010761680022918059,0.022518828564257083,0.03428268380329204,0.05705607245160561,6.888116718960325e-05
z_condition_subj.21.0,0.012982479117436023,0.017506679733569543,-0.02054628355860401,0.0010099813541113445,0.012856165178592917,0.024656978522011375,0.04783872103103666,7.550577095017013e-05
z_condition_subj.22.0,-0.009475590578571834,0.01696920502610529,-0.04232237818614268,-0.020952265113445397,-0.009606160336464609,0.0017514457023076815,0.02424409769312083,7.543001007456339e-05
z_condition_subj.23.0,-0.022263787412521278,0.016659718812585555,-0.055055984133910774,-0.03344269733274074,-0.022260322640381674,-0.010905534355024428,0.010387905839800732,7.428627747271539e-05
z_condition_subj.24.0,-0.014532944563274624,0.016348498085237615,-0.046536442929961556,-0.02543512132756573,-0.014615758557302337,-0.0035271685799550118,0.017463581285449836,6.350271310359985e-05
z_condition_subj.25.0,-0.006098945205492083,0.01733782229097527,-0.04014547131582321,-0.0177321539216483,-0.006101087126117233,0.005546048711531318,0.027926854565208527,7.494229833882692e-05
z_condition_subj.26.0,0.020222322132444244,0.01686706908965361,-0.012824104835979452,0.008924201079989716,0.02011042569767149,0.03152292547126512,0.05356628622263819,7.858737519041762e-05
z_condition_subj.27.0,-0.008101379767322073,0.01677388265795039,-0.040841086830931406,-0.01947095736235424,-0.008120936368818055,0.0031409872733512145,0.02498616664862533,6.208889249301437e-05
z_condition_subj.28.0,-0.008649757085497027,0.01653306969843704,-0.040985973014729615,-0.019756296130750667,-0.008649078586214939,0.0024208492961261957,0.023750667894111448,7.623361823581688e-05
z_condition_subj.29.0,-0.09614026811905091,0.018757542644083764,-0.13314236919906236,-0.10883391425424122,-0.09600948298631776,-0.08351471941970096,-0.0593862956229126,9.163019635557969e-05
z_condition_subj.30.0,-0.005882629288077024,0.015968092312020475,-0.03738126426473523,-0.016523279885544834,-0.005876650209252772,0.004795377163188688,0.025615068386119433,7.383859212318697e-05
z_condition_subj.31.0,-0.024364250829156626,0.017088129318679895,-0.058010166169818606,-0.03585147344912204,-0.024265219508637123,-0.012794766499174923,0.00897539476970699,7.56395494280167e-05
z_condition_subj.32.0,0.01729900172665933,0.01660411246400746,-0.015369995746874983,0.006114390889142028,0.01739791010356309,0.028469372813794892,0.049975301732353164,7.445812219453258e-05
z_condition_subj.33.0,-0.015896088630418907,0.0166026772841995,-0.04860389066866089,-0.02713149096580581,-0.015828470342768713,-0.004648205529245185,0.016454749509653616,7.05173514899854e-05
z_condition_subj.34.0,0.0071190740391489675,0.01819054415637502,-0.028967510182391,-0.004913222863565677,0.007132596183171136,0.019383074658267427,0.04237240983636846,0.0001320277491126699
z_condition_subj.35.0,-0.016014651617488187,0.016707763078267886,-0.048802914450976745,-0.02726277018763664,-0.015950478717608726,-0.004723223829789722,0.016739852590939283,6.304774311082568e-05
z_condition_subj.36.0,-0.009228363176713677,0.016651297652422667,-0.04178870295917638,-0.020509464645318654,-0.009190688919043486,0.0020100009649452813,0.02368651917685142,6.294249965513631e-05
z_condition_subj.37.0,0.01251078701484062,0.017111452703198415,-0.02081342093413131,0.0009635322101039512,0.012513384737211131,0.024023932596395098,0.04626044005722239,7.655513316134148e-05
z_condition_subj.38.0,-0.09445346532537757,0.01900372357537208,-0.13192531506891658,-0.1073003351511154,-0.09434515230291768,-0.08152012860852376,-0.057755604366076005,9.29133446932389e-05
z_condition_subj.39.0,0.022097709525726764,0.01742758348026702,-0.012072894650282124,0.010291614617491177,0.02208172367447437,0.033772959547849174,0.056300478864471495,7.409565977107405e-05
z_condition_subj.40.0,-0.03418649722150984,0.01662251828216994,-0.06673231733691329,-0.04534972873337164,-0.03411425788543381,-0.02295923169275338,-0.001554158320122595,7.454926082063677e-05
z_condition_subj.41.0,-0.0015718031998627803,0.01716772170954016,-0.03521266584121316,-0.013114730537222554,-0.0016590602293428056,0.00992395126132014,0.03262770621051156,7.592042749018097e-05
z_condition_subj.42.0,-0.025249812122068758,0.017008972154609177,-0.05871970358935369,-0.03667759115258318,-0.025332759448588163,-0.013880727097807632,0.008154229918489408,7.12613536348482e-05
z_condition_subj.43.0,0.003582596105816231,0.01670524963436655,-0.02906161628533422,-0.007714254205250237,0.0036036207592202996,0.014834077103230855,0.03643639291962207,6.738022080524637e-05
z_condition_subj.44.0,-0.023183853843805696,0.01646051723370941,-0.05544515977776312,-0.03430815582057039,-0.023184359493674818,-0.01203013957370283,0.00916741819894508,6.824914786744552e-05
z_condition_subj.45.0,-0.0539690264300384,0.017410351048167363,-0.08824132891948623,-0.06576367118835104,-0.05397868621766207,-0.04210294842555237,-0.019872049775815095,7.759914274011401e-05
z_condition_subj.46.0,-0.0041488171284519105,0.016039372473652485,-0.03559753774990446,-0.014865527801656696,-0.004225284935639943,0.006601458719927317,0.027411494000484093,6.514386931276397e-05
z_condition_subj.47.0,0.02127853194051587,0.0169396472472533,-0.01152636083393271,0.00986970220846973,0.02115715147898302,0.03250674447780507,0.05486594498023721,8.239104814719778e-05
z_condition_subj.48.0,-0.03695175390981298,0.01712809221760199,-0.07037741406930509,-0.048516513335756725,-0.03697940480641444,-0.025338452640315964,-0.0035525702608792467,8.171647704801711e-05
z_condition_subj.49.0,-0.04241853502301877,0.016683934908800355,-0.07550160482816436,-0.05358858024460662,-0.042389711877912954,-0.03123715570450361,-0.009648761737749367,7.244333342040318e-05
